Id,ORGANIZATION,NAME,GENDER,SPECIALITY,ADDRESS,CITY,STATE,ZIP
c795d2dd-42d6-31c8-8bc0-ffe8d7f600cc,ef58ea08-d883-3957-8300-150554edc8fb,Barry322 Moore224,M,GENERAL PRACTICE,60 HOSPITAL ROAD,LEOMINSTER,MA,01453
70aca2db-5180-39a4-abe0-2c5eaffaf74d,f1fbcbfb-fcfa-3bd2-b7f4-df20f1b3c3a4,Lee268 Robel940,M,GENERAL PRACTICE,ONE GENERAL STREET,LAWRENCE,MA,01842
f59948a6-b07a-3248-9661-60f5924b644b,5d4b9df1-93ae-3bc9-b680-03249990e558,Xenia801 Gleason633,F,GENERAL PRACTICE,575 BEECH STREET,HOLYOKE,MA,01040
d5d4aa49-e259-3938-8bbd-d667a2e33bb8,37c0de84-bcaf-3624-82bf-a89b2ac441b8,Jennifer579 Quigley282,F,GENERAL PRACTICE,85 HERRICK STREET,BEVERLY,MA,01915
a9e22225-d900-3207-8215-e1a91c931c58,c44f361c-2efb-3050-8f97-0354a12e2920,Howard613 Spinka232,M,GENERAL PRACTICE,680 CENTER STREET,BROCKTON,MA,02302
da0e2a88-a58a-37f2-9102-017a863bd97a,23834663-ed53-3da9-b330-d6e1ecb8428e,Kevin729 Kovacek682,M,GENERAL PRACTICE,363 HIGHLAND AVENUE,FALL RIVER,MA,02720
e9f54a4e-c20e-3443-a6fc-2ab488a1345c,24cb4eab-6166-3530-bddc-a5a8a14a4fc1,Mariano761 Quintanilla544,M,GENERAL PRACTICE,14 PROSPECT STREET,MILFORD,MA,01757
999d710b-8227-3749-9a7e-89d84b4a1ae3,db0acede-4abe-3c01-8d03-5c68a190d8c7,Charles364 Mayer370,M,GENERAL PRACTICE,55 FOGG ROAD,SOUTH WEYMOUTH,MA,02190
9a66596e-2848-338a-9bf6-135ca3049a49,6f122869-a856-3d65-8db9-099bf4f5bbb8,Irving123 Feil794,M,GENERAL PRACTICE,41 & 45 MALL ROAD,BURLINGTON,MA,01803
ffc35f18-15ab-3105-b214-6ac4683246aa,3fbe3da9-8e41-3118-a253-7e2d1b46480f,Chris95 Bogan287,M,GENERAL PRACTICE,1041L Pearl St.,Brockton,MA,02301
